Open,High,Low,Close,Volume,MarketCap,Date
0.06183332,0.06634905,0.05261677,0.05816341,75.42,194510.84,"2010-07-13"
0.07879913,0.08360209,0.06903579,0.07416855,573.24,256302.41,"2010-07-19"
0.06976299,0.07825864,0.06472816,0.06895142,1555.03,242332.21,"2010-07-25"
0.06970508,0.07158763,0.05164856,0.06046468,2595.17,216655.53,"2010-08-01"
0.06115977,0.067016,0.05067227,0.05964825,2625.28,217398.49,"2010-08-07"
0.06290812,0.0667319,0.05325986,0.06299919,4404.59,234424.72,"2010-08-14"
0.06994254,0.07134897,0.05853218,0.06581428,4171.63,248006.31,"2010-08-20"
0.06946493,0.07358336,0.05874443,0.06647771,8983.94,255192.98,"2010-08-27"
0.06252651,0.06697775,0.05055178,0.06260652,8145.96,243393.16,"2010-09-02"
0.0599086,0.0627864,0.04868664,0.06052719,1736.18,238723.78,"2010-09-09"
0.06080235,0.08798316,0.05730564,0.08017105,3660.94,320437.68,"2010-09-15"
0.0601967,0.06785769,0.05927085,0.06167253,11538.45,250885.4,"2010-09-22"
0.0609233,0.06640338,0.05602733,0.06121943,7092.92,253063.91,"2010-09-28"
0.06045428,0.0746667,0.05620154,0.06092854,33882.93,254420.83,"2010-10-04"
0.11345086,0.12391423,0.10179655,0.11767041,14122.2,497862.04,"2010-10-11"
0.10194793,0.13183186,0.0981136,0.10547627,18151.31,452814.47,"2010-10-17"
0.11000634,0.15888465,0.11000634,0.12712502,13862.21,555211.38,"2010-10-24"
0.19008669,0.21158316,0.17863112,0.19357477,26586.5,858518.63,"2010-10-30"
0.24713548,0.35457746,0.23541575,0.32784901,32714.61,1476306.83,"2010-11-06"
0.23283656,0.27296145,0.20652011,0.2584812,40766.91,1181070.61,"2010-11-12"
0.27888182,0.32309334,0.26455084,0.28651184,2151.83,1331069.55,"2010-11-19"
0.28655238,0.29316179,0.24392343,0.28,1677.21,1313652.67,"2010-11-25"
0.24818038,0.27274432,0.21980882,0.24036115,20401.71,1143692.44,"2010-12-02"
0.23111195,0.27749873,0.22390633,0.23698327,3430.51,1143924.17,"2010-12-08"
0.2299656,0.27753358,0.21564682,0.2408912,10447.09,1175133.52,"2010-12-14"
0.26518131,0.30390187,0.24115804,0.26736488,9250.15,1320739.62,"2010-12-21"
0.26037419,0.29789821,0.23250033,0.26933414,4941.16,1343068.36,"2010-12-27"
0.30013702,0.33838646,0.27784764,0.29734758,1427.5,1500259.79,"2011-01-03"
0.32168196,0.39770308,0.31075822,0.32166037,1684.41,1637934.82,"2011-01-09"
0.39888188,0.41416322,0.34785988,0.39097345,2774.79,2014363.64,"2011-01-16"
0.38759435,0.44888446,0.36753511,0.4435984,10503.75,2308031.39,"2011-01-22"
0.44597558,0.49479067,0.41941445,0.44897797,1448.82,2362353.72,"2011-01-29"
0.72606859,0.83729487,0.6480998,0.80887019,42195.52,4296455.57,"2011-02-04"
0.9799584,1.10954663,0.84364295,1.0754629,13334.61,5781984.31,"2011-02-11"
1.06373113,1.27702966,1.01031423,1.04889086,4002.65,5706149.84,"2011-02-17"
0.87632091,0.9181206,0.75515674,0.89467964,6725.49,4921744.54,"2011-02-23"
0.94020426,1.01486764,0.79918279,0.9418121,2752.12,5246862.68,"2011-03-02"
0.88752454,0.97493366,0.78149505,0.88751374,4534.77,5004623.42,"2011-03-08"
0.90648269,0.96205689,0.75670895,0.89949294,2733.6,5111795.9,"2011-03-15"
0.81061723,1.01259573,0.762962,0.77856454,3709.93,4455588.62,"2011-03-21"
0.88722045,1.09275459,0.84995645,0.87429308,12616.94,5049326.69,"2011-03-28"
0.78703583,0.88401961,0.74360001,0.79080229,3926.55,4608696.9,"2011-04-03"
0.73792301,0.83710766,0.70287994,0.7620198,5359.6,4485205.68,"2011-04-10"
0.98072591,1.21008554,0.94028874,1.06664687,28903.97,6331002.5,"2011-04-16"
1.33104621,1.81411172,1.33104621,1.45132267,66554.74,8695563.5,"2011-04-23"
2.1483243,3.40887871,2.1483243,2.82050043,57562.8,17053521.24,"2011-04-29"
3.50772212,4.11198915,3.31249409,3.43227823,15386.82,20954316.02,"2011-05-05"
5.47509072,6.3548404,5.12978244,6.2250464,31614.41,38450710.98,"2011-05-12"
8.22491524,8.60245675,6.80754376,7.30722378,25438.6,45668869.87,"2011-05-18"
7.40153959,7.7315768,6.43938431,7.72425478,64388.9,48953043.99,"2011-05-25"
8.6829238,9.38351095,7.47886012,8.77542347,45783.82,56098430.24,"2011-05-31"
18.93026088,26.45809461,18.93026088,21.07071553,53771.31,136187935.99,"2011-06-07"
26.47853496,26.47853496,17.45587474,20.94687756,73441.09,136794107.58,"2011-06-13"
17.56385393,19.22920397,15.13023286,18.2203525,0,120396900.76,"2011-06-20"
17.13772614,19.80583449,16.3496301,17.19359963,15044.92,114696353.94,"2011-06-26"
16.51853297,16.51853297,13.14260659,15.75357991,16796.92,106034589.5,"2011-07-03"
15.4250133,16.21147811,12.28034566,15.02847128,11888.28,101838557.08,"2011-07-09"
14.08834829,14.816319,12.76055448,14.02906501,24806.94,95720661.29,"2011-07-15"
13.8488476,14.59559912,11.91691242,13.8905705,15204.32,95532745.88,"2011-07-22"
13.95170335,15.25816866,11.24414815,13.49253603,32676.15,93457737.38,"2011-07-28"
12.17711547,13.88530708,11.45144112,12.3242663,50257.97,86040940.86,"2011-08-04"
9.77741153,11.49477771,9.38343557,10.11750593,24257.3,71050438.34,"2011-08-10"
11.53320233,13.46124006,10.88840479,11.26718219,22864.02,79654752.89,"2011-08-17"
11.23728678,11.84848843,9.97048823,11.48200128,12850.1,81696448.46,"2011-08-23"
9.45018704,11.71005585,8.89804383,9.37807863,11766.49,67166502.51,"2011-08-30"
8.36284254,9.96463095,7.13757001,7.97080803,30695.96,57436247.78,"2011-09-05"
6.27853708,7.32101008,5.62559637,6.6367602,63914.41,48142228.9,"2011-09-12"
5.07406728,5.39732043,4.41157443,5.09527905,44830.37,37178340.5,"2011-09-18"
5.6919291,6.60706214,5.42862701,5.69775453,17869.08,41808840.75,"2011-09-24"
5.09663182,5.90192061,4.818171,5.27339399,23541.42,38943069.8,"2011-10-01"
4.77461522,4.89386973,3.62393404,4.34735352,97786.96,32275948.06,"2011-10-07"
4.05829383,4.44986395,3.43250146,4.14848155,20047.16,30969011.12,"2011-10-14"
2.39854317,2.98913862,2.22990969,2.36168035,48780.99,17717621.2,"2011-10-20"
2.86331653,3.14423419,2.46126803,3.01783291,58679.19,22760873.04,"2011-10-27"
3.24654894,3.67444143,3.06923873,3.36237313,32281.54,25487881.1,"2011-11-02"
3.04605956,3.23780047,2.65117544,3.03060088,52496.98,23125075.78,"2011-11-09"
2.51920483,2.9881751,2.34615098,2.76766079,76466.82,21237022.35,"2011-11-15"
2.35439103,2.6729352,1.91631609,2.32116321,34221.91,17918973.78,"2011-11-22"
2.48932774,2.83783095,2.25456918,2.52360811,41446.98,19575565.02,"2011-11-28"
2.96377113,3.58747231,2.68645813,2.90492712,95155.13,22666420.09,"2011-12-04"
3.05142735,3.64529214,2.93240739,3.23884873,108659,25445785.63,"2011-12-11"
3.21281985,3.88636089,3.01655431,3.21996728,16450.98,25425103.15,"2011-12-17"
3.98509466,4.80682043,3.8447479,3.94730687,14902.36,31369362.83,"2011-12-24"
4.17119927,4.48533209,3.50330615,4.31536286,41133.81,34494682.21,"2011-12-30"
6.66976928,6.83915799,5.63733788,6.60205532,219004.42,53131525.66,"2012-01-06"
6.90899323,7.24002682,5.85424688,7.01950113,140331.48,56827950.79,"2012-01-12"
6.73522728,7.08620078,5.57016336,6.69133805,114655.93,54518847.75,"2012-01-19"
6.37146132,7.50862564,5.98815859,6.43097182,133016.82,52687505.16,"2012-01-25"
5.56133991,6.15009355,5.16556953,5.75663494,115133.47,47465973.61,"2012-02-01"
5.7423266,6.17141424,5.269389,5.76721428,72691.62,47812657.45,"2012-02-07"
5.79104575,5.99924377,4.8532302,5.55952187,169219.33,46333472.23,"2012-02-13"
4.41179695,4.67648457,4.01566294,4.37508421,37314.69,36687779.07,"2012-02-20"
5.08531455,5.48238823,4.45115911,5.0288102,70135.27,42400004.62,"2012-02-26"
4.89278012,5.97916832,4.69250983,4.81733627,58950.51,40865102.28,"2012-03-04"
4.87777156,5.27832777,4.43644182,4.86596324,28164.92,41502479.69,"2012-03-10"
5.3463786,5.71884988,4.71936617,5.33953712,39151.63,45819702.68,"2012-03-17"
4.84803295,5.15516931,3.76973721,4.72726595,54044.25,40779592.3,"2012-03-23"
4.8364788,5.13538233,4.2336765,4.85498069,39138.42,42146613.33,"2012-03-30"
4.93055358,6.43552821,4.62376598,4.93233917,33792.01,43019245.7,"2012-04-05"
4.90472675,5.15890739,4.13943154,4.9157707,46307.63,43114627.19,"2012-04-12"
4.9951584,6.14792671,4.86045347,5.11479288,79183.17,45060643.31,"2012-04-18"
5.11352911,5.44213306,4.71672292,5.14921833,35646.03,45622718.06,"2012-04-25"
5.00571075,6.41994581,4.94188764,5,36491.21,44542854.17,"2012-05-01"
5.08458996,6.5498748,5.03344845,5.08906576,46198.56,45583143.7,"2012-05-07"
4.95107574,5.64338027,4.67547414,5.00891328,52922.24,45120228.22,"2012-05-14"
5.10062135,5.67671306,4.74863703,5.12186447,18682.41,46342608.39,"2012-05-20"
5.10560636,5.54483058,4.85164521,5.1443951,15763.53,46783000.43,"2012-05-27"
5.23567066,6.63959804,4.98264755,5.25153455,15164.81,47979507.59,"2012-06-02"
5.64609116,7.07664765,5.42665334,5.60116607,36986.9,51471098.77,"2012-06-09"
5.94817268,6.29178481,5.3371271,6.19853174,65595.58,57247159.74,"2012-06-15"
6.68847997,7.7270405,6.42142048,6.70678887,56515.05,62297852.79,"2012-06-22"
6.50480666,7.36318933,6.19280427,6.59615421,42662.75,61566359.65,"2012-06-28"
6.56396312,6.76204588,5.50480775,6.62879535,45272.14,62211078.64,"2012-07-05"
7.06590386,9.04839593,6.8641583,7.23962058,41913.73,68277042.69,"2012-07-11"
7.97876906,9.57512823,7.784285,8.78482513,211401.91,83260742.42,"2012-07-17"
8.51950151,9.62689566,7.92765839,8.68446087,40883.86,82759655.42,"2012-07-24"
8.72823901,10.1658672,8.44650378,9.04228204,51525.72,86622236.24,"2012-07-30"
11.14427267,12.60413305,10.54358688,11.1625531,51508.48,107506827.97,"2012-08-06"
11.52689281,12.37314159,9.69521642,11.63310004,30372.1,112608626.51,"2012-08-12"
12.85986334,13.25725758,9.77244532,10.65659646,239702.02,103746095.97,"2012-08-19"
10.4501758,11.97738922,9.00567934,10.30088345,40468.21,100776568.68,"2012-08-25"
10.76285932,11.02506503,8.66688723,10.35390474,23296.5,101863526.77,"2012-09-01"
10.94968526,13.36387444,10.71995883,11.14452008,35507.19,110194228.43,"2012-09-07"
11.4385674,14.50442531,11.4385674,11.6137897,43315.87,115442521.35,"2012-09-14"
12.47507906,15.06057241,12.1552449,12.42052067,32576.46,124040013.78,"2012-09-20"
12.25546331,14.81447085,11.57467851,12.26584521,23570.3,123058574.2,"2012-09-26"
12.77905409,15.72264143,11.93617692,12.88819855,32985.21,129981939.55,"2012-10-03"
11.89248142,14.85304275,11.52012338,11.9466825,46903.82,121004437.71,"2012-10-09"
11.86789624,12.64846682,10.7412008,11.90332637,41250.23,121178342.31,"2012-10-16"
11.74277608,11.9799589,9.52428398,11.72711543,37622.47,119921506.82,"2012-10-22"
10.69638249,11.23249375,8.72999032,10.62967463,37635.25,109282356.17,"2012-10-29"
11.00521398,11.84827732,9.81384328,10.63117282,16777.99,109759949.11,"2012-11-04"
10.89232104,11.8175409,9.09503583,10.91202168,12562.44,113232957.78,"2012-11-11"
11.72587835,14.74238049,11.55043775,11.79418768,19050.87,122879882.05,"2012-11-17"
12.355422,13.90411082,11.71033084,12.42471973,19560.83,130100638.08,"2012-11-24"
12.46174322,15.03030852,12.06921413,12.60555385,24354.44,132464674.79,"2012-11-30"
13.34739734,15.18678814,11.83761505,13.44278213,46764.76,141540649.38,"2012-12-06"
13.67600467,16.24362448,13.0156632,13.7881444,24234.19,145501289.66,"2012-12-13"
13.37234159,14.30481638,11.21440073,13.45665339,38831.22,142250114.78,"2012-12-19"
13.4479929,15.03065811,12.65433387,13.46452665,15888.84,142642115.37,"2012-12-26"
13.55402337,15.55188902,13.11076348,13.50148703,28305.24,143356243.7,"2013-01-01"
13.52709152,15.09429126,11.97719279,13.61189428,42802.24,144887554.95,"2013-01-08"
14.30430904,15.38816503,13.09528002,14.30837702,21996.33,152589033.72,"2013-01-14"
15.8082388,17.84015446,14.19561794,16.31208044,61537.2,174324162.14,"2013-01-21"
18.4815877,21.39969815,17.37831433,17.76881716,23836.26,190278933.33,"2013-01-27"
19.63720043,21.30093984,17.93200208,20.72008399,34125.7,222470570.55,"2013-02-03"
22.32985654,28.03948334,22.32985654,23.5390991,38119.66,253283942.95,"2013-02-09"
25.91093475,29.98175594,25.02371308,27.15308398,51691.9,292822506.34,"2013-02-15"
29.82337523,38.71373559,29.2927261,30.2113285,66804.81,326736052.72,"2013-02-22"
30.91942017,34.70765945,26.02968306,32.02815427,126830.64,347227229.24,"2013-02-28"
40.96149436,53.40305387,39.81397714,42,157898.36,456479625,"2013-03-07"
46.5055121,48.50352617,39.63113796,45.74626518,49627.03,498303678.4,"2013-03-13"
52.53731073,71.06669193,52.53731073,63.07642377,93178.76,689137525.63,"2013-03-20"
73.19709763,81.89516138,65.26669894,75.6978879,56618.31,829203180.07,"2013-03-26"
99.56835171,111.16744287,94.30860758,105.68146435,81672.99,1160843513.96,"2013-04-02"
153.78325931,205.42635035,153.78325931,182.51162327,114414.96,2009195174.54,"2013-04-08"
93.27147652,111.64524887,86.17109286,99.51967961,236685.99,1098512114.83,"2013-04-15"
123.03636385,146.09668728,118.57486428,124.27687826,99319.45,1374777236.15,"2013-04-21"
139.41366795,147.40510391,124.43942456,136.70491488,59902.29,1515587582.88,"2013-04-27"
98.0999984741,115,92.5,112.5,0,1250316562.5,"2013-05-04"
112.7990036011,122,111.5510025024,117.1999969482,0,1305479080,"2013-05-10"
118.2099990845,125.3000030518,116.5709991455,123.0149993896,0,1373723881.88,"2013-05-17"
123.8000030518,126.9339981079,123.0999984741,126.6999969482,0,1417769832.5,"2013-05-23"
132.25,132.25,127,128.7989959717,0,1445053940.55,"2013-05-30"
121.4000015259,123.46900177,119.8990020752,121.6500015259,0,1368486468.75,"2013-06-05"
109,111.7870025635,106.7340011597,108.1500015259,0,1219969852.5,"2013-06-12"
101.9499969482,111.111000061,101.0329971313,107.4000015259,0,1214216070,"2013-06-18"
102.0899963379,106.4700012207,101.0100021362,103.9499969482,0,1178086140,"2013-06-25"
97.5100021362,97.6649017334,86.297203064,88.0500030518,0,1000065296.25,"2013-07-01"
68.7490005493,74.5610961914,66.6200027466,74.5610961914,0,848838978.923,"2013-07-07"
98.6999969482,98.6999969482,92.8600006104,94.6912994385,0,1080917760.48,"2013-07-14"
92,93.0999984741,89.2711029053,89.3900985718,0,1022707664.6,"2013-07-20"
96.0201034546,96.9950027466,93,94.1159973145,0,1079491696.8,"2013-07-27"
104.8560028076,108,101.2109985352,104.5009994507,0,1201487184.88,"2013-08-02"
103.0699996948,105.75,101.9349975586,102.8000030518,0,1185307130,"2013-08-09"
112.56199646,113.2450027466,109,109.9899978638,0,1271404657.25,"2013-08-15"
123.3000030518,123.5,120.5999984741,121.1500015259,0,1404437432.5,"2013-08-22"
126.4800033569,127.3199996948,122.6200027466,122.6200027466,0,1424675797.5,"2013-08-28"
136.5299987793,144.5,123.6100006104,126.7399978638,0,1477012117.5,"2013-09-04"
127.2699966431,129.7400054932,125.9000015259,125.9100036621,0,1470679164,"2013-09-10"
130.8600006104,132.7200012207,129.7700042725,131.7200012207,0,1542395098,"2013-09-16"
128.9799957275,132.7250061035,125.6600036621,125.9499969482,0,1479037147.5,"2013-09-23"
134.8999938965,140.6100006104,134.7100067139,137.3399963379,0,1616584504.5,"2013-09-29"
128.3600006104,129.6600036621,126.1500015259,129,0,1522686975,"2013-10-06"
130.8999938965,135.6600036621,130.5599975586,135.1900024414,0,1599426130.5,"2013-10-12"
155.9100036621,177.4799957275,155.6999969482,172.4199981689,0,2046457290.5,"2013-10-19"
197.6900024414,198.8699951172,168.5,186.6900024414,0,2222012383.5,"2013-10-25"
203.8999938965,206.6499938965,202.1300048828,206.1799926758,0,2460742836.5,"2013-11-01"
261.6799926758,304.1700134277,261.549987793,296.4100036621,0,3545560086.75,"2013-11-07"
406.4100036621,425.8999938965,395.1900024414,420.200012207,0,5038817795,"2013-11-14"
577.9799804688,599.6500244141,448.450012207,590.8300170898,0,7100077963.75,"2013-11-20"
923.8499755859,1001.9600219727,891.6799926758,1001.9600219727,0,12069885699,"2013-11-27"
1046.4000244141,1096,1011.2100219727,1078.2800292969,0,13018451838,"2013-12-03"
793.799987793,921.9299926758,780.9000244141,893.1900024414,0,10808715487.5,"2013-12-09"
880.3300170898,882.25,668.25,705.9699707031,0,8565534010,"2013-12-16"
601.7800292969,666.7399902344,585.6400146484,617.1799926758,0,7505757422.5,"2013-12-22"
728.049987793,748.6099853516,714.4400024414,745.049987793,19011300,9082103621.25,"2013-12-29"
823.2700195313,859.5100097656,801.6699829102,859.5100097656,38005000,10477362436.8,"2014-01-04"
867.3200073242,921.4799804688,861.7199707031,913.950012207,44754200,11195636163.8,"2014-01-11"
834.4899902344,842.9099731445,797.6300048828,814.6400146484,39031700,10000663202,"2014-01-17"
822.4299926758,822.4299926758,783.5800170898,797.0700073242,34912000,9810138292.5,"2014-01-24"
826.0200195313,830.5,799.0599975586,819.0300292969,29918200,10100339387.2,"2014-01-30"
815.5900268555,819.8099975586,770.5900268555,781.549987793,50108700,9662791118.75,"2014-02-06"
672.3800048828,672.9000244141,643.0399780273,651.7199707031,25367600,8073458481,"2014-02-12"
627.1599731445,645.7600097656,612.5399780273,626.5999755859,20015100,7779035355,"2014-02-18"
540.2399902344,541.3800048828,420.4100036621,538.7100219727,126314000,6704461434,"2014-02-25"
562.5599975586,702.9099731445,560.5200195313,667.7600097656,96056896,8326933812,"2014-03-03"
636.3300170898,644.7600097656,615.0200195313,627.7899780273,20639800,7846433315,"2014-03-10"
636.5,637.5200195313,628.1099853516,631.1099853516,5277290,7903422085.5,"2014-03-16"
565.7639770508,570.2379760742,560.8779907227,561.2719726563,9288400,7045871924.8,"2014-03-23"
501.7130126953,504.8590087891,489.7340087891,491.1719970703,11147100,6178428029.4,"2014-03-29"
446.674987793,463.5710144043,444.1969909668,461.9070129395,13404500,5824866675.82,"2014-04-05"
363.7099914551,429.766998291,351.2720031738,420.9469909668,62562800,5318033924.5,"2014-04-11"
495.7980041504,498.6010131836,472.7409973145,479.6449890137,19042400,6074116359.88,"2014-04-18"
490.825012207,500.4649963379,482.9519958496,500.4649963379,13009400,6350012524.62,"2014-04-24"
446.8900146484,451.0989990234,436.699005127,447.6449890137,15244900,5690810164.88,"2014-04-30"
429.341003418,446.1279907227,428.4509887695,438.8210144043,18332200,5590798950.5,"2014-05-07"
441.5310058594,441.9760131836,436.967010498,440.6709899902,7682670,5625308533.07,"2014-05-13"
446.3049926758,491.4440002441,446.0069885254,485.7239990234,40327500,6214911438.6,"2014-05-20"
571.3930053711,588.3889770508,565.3319702148,583.4240112305,29959800,7479335238.4,"2014-05-26"
629.6450195313,665.4979858398,618.7449951172,660.617980957,45450200,8487587033.1,"2014-06-02"
654.9940185547,658.883972168,653.4699707031,656.1400146484,8614190,8445489606.5,"2014-06-08"
575.9279785156,592.9370117188,554.8909912109,592.9370117188,23580900,7649361649.6,"2014-06-15"
593.6779785156,599.4619750977,587.7369995117,594.9920043945,9256290,7691773954.8,"2014-06-21"
599.0770263672,604.4730224609,595.9180297852,596.5490112305,13398100,7730991679.22,"2014-06-28"
644.6459960938,648.4329833984,629.4030151367,630.6920166016,22237200,8187107455.8,"2014-07-04"
624.8259887695,626.116027832,612.3460083008,616.7620239258,15880700,8020234276.55,"2014-07-10"
616.5390014648,626.2899780273,608.3989868164,623.0889892578,16576700,8119394872.88,"2014-07-17"
621.1229858398,624.4310302734,618.2930297852,619.4149780273,11056600,8086153117.5,"2014-07-23"
584.7420043945,585.1220092773,564.8959960938,567.2930297852,14898800,7420859009.27,"2014-07-30"
589.0109863281,589.8649902344,584.1019897461,585.4359741211,10790800,7671275261.9,"2014-08-05"
576.5120239258,576.9479980469,566.5949707031,569.6420288086,13978200,7481336242.8,"2014-08-12"
491.5069885254,499.3699951172,443.8510131836,461.4599914551,50783800,6072259848,"2014-08-18"
508.2200012207,508.2200012207,499.233001709,502.4960021973,18356700,6626339377.6,"2014-08-25"
502.9049987793,504.8789978027,474.8139953613,477.7630004883,44632300,6312801959.75,"2014-08-31"
485.1289978027,488.0660095215,482.2780151367,482.2780151367,8994050,6385589802.05,"2014-09-07"
477.7929992676,482.1170043945,475.0979919434,479.0020141602,15588000,6353614253.55,"2014-09-13"
424.1029968262,427.8349914551,384.5320129395,394.7959899902,37919700,5246779620.6,"2014-09-19"
411.4289855957,414.9379882813,400.0090026855,404.424987793,21460800,5386071486.25,"2014-09-26"
383.9880065918,385.4970092773,372.9460144043,375.0719909668,21777700,5003085408,"2014-10-02"
352.7479858398,382.7260131836,347.6870117188,365.0260009766,83641104,4878718500.4,"2014-10-09"
400.9549865723,402.2269897461,388.7659912109,394.7730102539,25267100,5285043276.15,"2014-10-15"
386.1180114746,388.5759887695,382.2489929199,383.157989502,11641300,5139461096.15,"2014-10-22"
353.2149963379,359.9840087891,352.6789855957,357.6180114746,7845880,4804812400.8,"2014-10-28"
327.1610107422,331.766998291,325.0769958496,330.4920043945,15655500,4449934320.9,"2014-11-04"
362.2650146484,374.8160095215,357.5610046387,366.9240112305,30450100,4948658122.5,"2014-11-10"
388.3489990234,410.199005127,377.5020141602,387.407989502,41518800,5234695636.8,"2014-11-17"
353.174987793,370.8450012207,353.174987793,367.5729980469,15151600,4974540006.18,"2014-11-23"
376.1520080566,387.6010131836,372.1449890137,375.4909973145,15375600,5089799279.55,"2014-11-29"
376.7569885254,378.4479980469,370.9450073242,374.7850036621,7009320,5089542821.5,"2014-12-06"
350.8330078125,352.983001709,349.2909851074,352.5419921875,16989800,4795055945.25,"2014-12-12"
311.1789855957,318.532989502,306.7690124512,317.8429870605,23823100,4330801580.8,"2014-12-19"
322.2860107422,322.6700134277,316.9580078125,319.0079956055,9883640,4353789283.2,"2014-12-25"
320.4349975586,320.4349975586,314.0029907227,314.2489929199,8036550,4297535768.18,"2015-01-01"
286.0769958496,298.7539978027,283.0790100098,294.3370056152,24866800,4032255014.65,"2015-01-07"
223.8939971924,223.8939971924,171.5099945068,178.1029968262,97638704,2444379076.08,"2015-01-14"
212.9069976807,215.2409973145,205.1529998779,211.3150024414,24051100,2904651464,"2015-01-20"
273.1669921875,275.4800109863,250.6529998779,263.4750061035,44399000,3627760927.5,"2015-01-27"
226.4909973145,242.1750030518,222.658996582,238.2290039063,30612100,3285797305.4,"2015-02-02"
227.6929931641,229.43800354,221.0769958496,223.4120025635,17145200,3086537315.4,"2015-02-08"
257.5069885254,265.6109924316,227.6840057373,234.8249969482,56552400,3250242178.12,"2015-02-15"
243.7519989014,255.3200073242,243.1840057373,244.533996582,12284200,3390372209.75,"2015-02-21"
253.5200042725,254.6920013428,249.4790039063,254.2630004883,13949300,3531776635.75,"2015-02-28"
275.6000061035,277.608001709,270.0150146484,272.7229919434,28918900,3794156466.38,"2015-03-06"
294.1180114746,294.4979858398,285.3370056152,285.3370056152,31421500,3976948638.32,"2015-03-13"
255.8800048828,264.2439880371,248.6360015869,260.9280090332,52732000,3642156964.8,"2015-03-19"
246.2760009766,254.3540039063,244.9049987793,248.5319976807,25730000,3475701380.1,"2015-03-26"
244.2230072021,247.5410003662,241.1600036621,247.2720031738,22877200,3463619267.4,"2015-04-01"
253.0639953613,253.8470001221,244.2149963379,245.0220031738,30086400,3438326344.95,"2015-04-08"
224.7590026855,224.9759979248,216.3229980469,219.158996582,31719000,3080098938.82,"2015-04-14"
222.6119995117,226.3509979248,221.9770050049,224.6260070801,18364700,3161599718.7,"2015-04-20"
219.4290008545,233.3049926758,218.0229949951,229.2859954834,38574000,3232938332.15,"2015-04-27"
234.8800048828,243.2400054932,234.0829925537,240.358001709,18494100,3394161416.45,"2015-05-03"
241.7290039063,244.0679931641,238.8489990234,240.296005249,15019100,3399245238.2,"2015-05-10"
237.6439971924,237.6970062256,235.2949981689,236.1529998779,11089700,3345969203.45,"2015-05-16"
240.2859954834,241.0249938965,238.6909942627,238.8719940186,14605000,3390435703.8,"2015-05-23"
237.3769989014,237.5220031738,235.7310028076,237.095993042,14805000,3370295930.4,"2015-05-29"
224.154006958,225.9680023193,223.1790008545,224.9519958496,18056500,3203220875.4,"2015-06-05"
228.8549957275,230.2870025635,228.766998291,229.7050018311,14416000,3276293900.25,"2015-06-11"
249.4279937744,252.108001709,244.1269989014,249.0070037842,30980200,3557986320.9,"2015-06-18"
244.2819976807,244.341003418,240.5149993896,240.5149993896,17344900,3441763637.12,"2015-06-24"
263.3450012207,265.1719970703,255.7740020752,258.6210021973,27029800,3707306172.9,"2015-07-01"
269.9630126953,271.341003418,264.8320007324,266.2070007324,28857600,3822200106,"2015-07-07"
310.8269958496,310.9479980469,281.0109863281,292.0539855957,62053900,4199736520,"2015-07-13"
273.4989929199,278.9809875488,272.9599914551,278.9809875488,22711400,4018965413.38,"2015-07-20"
288.6400146484,293.0520019531,287.7059936523,292.6860046387,16032300,4222888242.3,"2015-07-26"
280.449005127,283.0320129395,277.5289916992,282.6140136719,17722200,4084832102.5,"2015-08-02"
279.7420043945,279.9280090332,260.7099914551,260.9970092773,58533000,3778049023.65,"2015-08-08"
265.5289916992,266.6669921875,261.2959899902,261.550994873,19321100,3792757589.77,"2015-08-15"
235.3549957275,236.4320068359,231.7239990234,232.5690002441,23173800,3377704243.05,"2015-08-21"
224.7010040283,235.2189941406,220.925994873,231.3959960938,31336600,3366649822.8,"2015-08-28"
229.324005127,229.6049957275,226.6670074463,227.1829986572,17482000,3310618587.92,"2015-09-03"
238.3359985352,241.2929992676,235.7910003662,238.4770050049,21215500,3481466103.75,"2015-09-10"
230.25,231.2149963379,227.4019927979,229.091003418,20144200,3349613965.58,"2015-09-16"
226.9689941406,232.3860015869,225.1170043945,230.6179962158,25009300,3376737583.25,"2015-09-22"
239.0160064697,239.8020019531,235.9279937744,236.68699646,22691300,3471967520.18,"2015-09-29"
238.1470031738,240.3829956055,237.0350036621,240.3829956055,23335900,3531508720.03,"2015-10-05"
246.875,247.453994751,245.1790008545,245.3079986572,17388300,3609927997.2,"2015-10-12"
270.9070129395,271.6679992676,260.7770080566,261.6430053711,22434300,3856061828.62,"2015-10-18"
281.4450073242,294.0589904785,281.4450073242,283.6799926758,45717100,4188180600,"2015-10-25"
328.5119934082,332.7770080566,309.2510070801,314.1659851074,48598100,4645486246.35,"2015-10-31"
374.2690124512,390.5859985352,372.433013916,386.4819946289,56625100,5725035162.4,"2015-11-07"
338.4979858398,340.9140014648,326.075012207,336.7529907227,52003000,4996160115.07,"2015-11-13"
326.4110107422,326.4729919434,312.217010498,322.0220031738,53152900,4786301542.05,"2015-11-20"
328.3030090332,366.7569885254,328.2290039063,352.6839904785,106105000,5250750574.9,"2015-11-26"
361.8450012207,362.2319946289,349.4649963379,359.1870117188,54160500,5355891235.05,"2015-12-02"
414.4410095215,423.1199951172,406.2909851074,417.5629882813,90917200,6238015413.3,"2015-12-09"
443.8779907227,465.3210144043,443.8779907227,465.3210144043,83121104,6963784691.55,"2015-12-15"
437.4360046387,443.6879882813,435.5159912109,436.5719909668,50840400,6545633139,"2015-12-22"
423.3429870605,429.7690124512,418.4809875488,422.2789916992,49638600,6341733237.12,"2015-12-28"
430.0610046387,434.516998291,429.0840148926,433.091003418,38477500,6515713340.43,"2016-01-04"
448.2380065918,448.3089904785,440.3510131836,447.9909973145,35995900,6750440385.75,"2016-01-10"
387.1520080566,390.9649963379,380.092010498,382.2990112305,45319600,5770478450.85,"2016-01-17"
382.4339904785,394.5429992676,381.9809875488,387.4909973145,56247400,5858059876.18,"2016-01-23"
378.8649902344,380.9169921875,376.4909973145,378.2550048828,30284400,5729296095.75,"2016-01-30"
388.8980102539,391.0939941406,385.5719909668,386.5490112305,43825000,5865136968.17,"2016-02-05"
382.1140136719,383.1300048828,376.3989868164,379.6539916992,74375600,5770550973,"2016-02-11"
416.5719909668,425.9960021973,415.6380004883,422.3729858398,76752600,6431547586.27,"2016-02-18"
420.9559936523,425.549987793,413.9070129395,424.9549865723,67743696,6479395123.75,"2016-02-24"
435.1310119629,435.9169921875,423.9890136719,423.9890136719,74955296,6475329603.6,"2016-03-02"
414.4649963379,416.2430114746,411.0939941406,413.9719848633,70311696,6331422308.9,"2016-03-08"
416.3880004883,418.1310119629,414.9849853516,416.8299865723,66781700,6386304533.75,"2016-03-15"
413.4179992676,413.4179992676,410.3810119629,413.3070068359,61655400,6341110984.12,"2016-03-21"
426.5480041504,426.8569946289,423.2929992676,424.2309875488,68522800,6519889575.48,"2016-03-28"
421.1730041504,421.5799865723,419.6969909668,420.9039916992,38053700,6477828308.6,"2016-04-03"
419.592010498,422.4349975586,419.2569885254,421.5639953613,73478600,6499536743.7,"2016-04-10"
429.575012207,432.625,428.9840087891,430.5719909668,39392800,6648182380.2,"2016-04-16"
449.6879882813,449.8099975586,444.1499938965,445.7369995117,58804400,6892364370.45,"2016-04-22"
449.407989502,455.3840026855,446.016998291,455.0969848633,49258500,7048201013.25,"2016-04-29"
446.7109985352,448.5060119629,445.8829956055,447.9760131836,50440800,6948331748,"2016-05-05"
452.4469909668,454.949005127,449.25,454.7659912109,59849300,7065960832.45,"2016-05-12"
453.6910095215,455.9979858398,453.2990112305,454.6189880371,86850096,7073564772.18,"2016-05-18"
446.0620117188,450.2980041504,446.0620117188,449.5989990234,65231000,7007360094.2,"2016-05-25"
534.1909790039,546.617980957,520.6619873047,531.3859863281,138450000,8293035755.05,"2016-05-31"
585.4450073242,590.258972168,567.5139770508,576.5969848633,107770000,9013335474.15,"2016-06-07"
671.6539916992,716.0040283203,664.4869995117,704.3759765625,243295008,11026918233,"2016-06-13"
763.9270019531,764.083984375,732.7269897461,737.2260131836,174511008,11561085978.8,"2016-06-20"
665.9310302734,665.9799804688,616.9340209961,629.3670043945,109225000,9883123076.92,"2016-06-26"
676.7340087891,703.7020263672,676.3989868164,703.7020263672,112354000,11066171356.3,"2016-07-02"
666.383972168,666.383972168,633.3989868164,650.9600219727,180536000,10252979329.9,"2016-07-09"
659.1710205078,667.0770263672,659.0399780273,663.2550048828,81673104,10453381649.6,"2016-07-15"
664.9219970703,666.5830078125,646.7219848633,650.6190185547,134169000,10261989674.1,"2016-07-22"
654.4920043945,657.5949707031,654.4920043945,655.0349731445,86428400,10337749269.3,"2016-07-28"
566.3289794922,579.4959716797,565.7769775391,578.2890014648,125292000,9133817994.68,"2016-08-04"
587.6480102539,599.9840087891,586.3709716797,592.1030273438,102905000,9358441335.08,"2016-08-10"
577.7609863281,580.8939819336,571.4299926758,573.216003418,54443000,9066995409.02,"2016-08-17"
586.7709960938,589.4739990234,581.633972168,583.4149780273,85349200,9234845697.42,"2016-08-23"
574.1140136719,578.3569946289,574.1140136719,577.5029907227,70342400,9148340523.6,"2016-08-30"
608.9899902344,609.0549926758,602.2420043945,606.5900268555,82446800,9615468144.84,"2016-09-05"
623.4240112305,628.8179931641,600.5059814453,606.7189941406,73610800,9624021892.48,"2016-09-11"
606.2830200195,610.1580200195,605.8560180664,609.8740234375,48679400,9682008336.58,"2016-09-18"
602.9609985352,604.5800170898,602.0449829102,602.625,35359500,9573385117.5,"2016-09-24"
609.9290161133,615.2369995117,609.9290161133,613.9829711914,56357000,9761887632.24,"2016-10-01"
612.6079711914,617.9119873047,611.8209838867,617.1209716797,64071400,9818599994.17,"2016-10-07"
637.0079956055,641.2849731445,637.0079956055,640.3779907227,58144600,10196303437,"2016-10-14"
630.6630249023,631.9169921875,628.2579956055,630.8569946289,56957300,10050854098.8,"2016-10-20"
678.2139892578,688.5939941406,678.0399780273,688.3129882813,96105296,10974828654.5,"2016-10-27"
730.0659790039,740.8289794922,722.3489990234,740.8289794922,84865200,11820110420.6,"2016-11-02"
709.825012207,740.0460205078,708.6099853516,723.2730102539,132429000,11548965778.8,"2016-11-09"
705.7940063477,715.7180175781,705.2600097656,711.6190185547,72038496,11377924616.2,"2016-11-15"
731.2650146484,741.7219848633,730.5100097656,739.2479858398,60802400,11827902946.2,"2016-11-21"
732.4840087891,738.0059814453,732.4840087891,735.8129882813,61888600,11782628755,"2016-11-28"
771.6380004883,773.8720092773,768.1610107422,773.8720092773,60557900,12400766376.1,"2016-12-04"
774.7520141602,774.7979736328,765.4119873047,769.7310180664,57313400,12344888048.2,"2016-12-11"
785.166015625,792.508972168,784.8640136719,790.8289794922,78989800,12691945028,"2016-12-17"
922.1799926758,923.4790039063,886.3350219727,898.8220214844,137727008,14436754926.6,"2016-12-24"
972.5349731445,972.5349731445,934.8330078125,961.2379760742,187474000,15450507054.9,"2016-12-30"
903.4869995117,908.5850219727,823.5560302734,908.5850219727,279550016,14618030536.4,"2017-01-07"
803.7369995117,829.0009765625,780.0029907227,823.9840087891,168968000,13266554392,"2017-01-13"
898.1719970703,899.3980102539,887.0079956055,895.0260009766,86728400,14423545370.8,"2017-01-20"
902.3950195313,919.3259887695,902.2239990234,917.5859985352,131958000,14797955301.3,"2017-01-26"
990.0009765625,1013.5200195313,983.2210083008,1011.799987793,145820992,16331615570,"2017-02-02"
1062.3199462891,1078.9699707031,1037.4899902344,1063.0699462891,201855008,17170799127.1,"2017-02-08"
991.7349853516,1011.5100097656,986.4710083008,1004.549987793,137946000,16237219721.2,"2017-02-14"
1079.2800292969,1117.25,1076.9300537109,1115.3000488281,186868992,18041455272.5,"2017-02-21"
1163.7800292969,1181.9799804688,1163.3800048828,1179.9699707031,131570000,19101427518.1,"2017-02-27"
1267.4699707031,1276,1264.5999755859,1272.8299560547,153656992,20620991547,"2017-03-06"
1176.6199951172,1226.9799804688,1175.3599853516,1221.3800048828,227176000,19801195767,"2017-03-12"
976.7299804688,1069.9100341797,976.7299804688,1036.7399902344,406648000,16821676707,"2017-03-19"
936.5399780273,975.7609863281,903.7130126953,972.7789916992,435803008,15794781101.6,"2017-03-25"
1071.7099609375,1091.7199707031,1061.0899658203,1080.5,289633984,17557597716,"2017-04-01"
1178.9399414063,1186.5799560547,1163.3900146484,1176.9000244141,317022016,19137747435,"2017-04-07"
1170.3299560547,1190.8000488281,1159.7900390625,1167.5400390625,254827008,19000400017.5,"2017-04-14"
1211.0799560547,1240.7900390625,1208.4100341797,1229.0799560547,315108000,20015137622,"2017-04-20"
1265.9899902344,1294.8299560547,1265.9300537109,1281.0799560547,329631008,20876159410,"2017-04-26"
1453.7800292969,1492.7700195313,1447.4899902344,1490.0899658203,583795968,24301634925.3,"2017-05-03"
1723.8900146484,1833.4899902344,1716.3000488281,1755.3599853516,1167920000,28649119972.3,"2017-05-09"
1741.6999511719,1785.9399414063,1686.5400390625,1734.4499511719,959044992,28330874003.4,"2017-05-16"
2043.1899414063,2303.8999023438,2017.8699951172,2173.3999023438,1942220032,35525744380,"2017-05-22"
2159.4299316406,2307.0500488281,2107.169921875,2255.6101074219,994625024,36901102917,"2017-05-29"
2547.7900390625,2585.8898925781,2452.5400390625,2511.8100585938,1355120000,41124262595.2,"2017-06-04"
2942.4099121094,2996.6000976563,2840.5300292969,2958.1101074219,1752400000,48471330146.3,"2017-06-11"
2514.0100097656,2685.1899414063,2484.9599609375,2655.8798828125,1534509952,43548031451.6,"2017-06-17"
2738.5200195313,2757.9399414063,2583.1899414063,2608.7199707031,982750016,42807952580.6,"2017-06-24"
2539.2399902344,2559.25,2478.4299316406,2480.8400878906,860273024,40735082695,"2017-06-30"
2608.1000976563,2616.7199707031,2581.6899414063,2608.5600585938,761956992,42863758794.7,"2017-07-06"
2402.6999511719,2425.2199707031,2340.830078125,2357.8999023438,835769984,38778935907.3,"2017-07-13"
2323.080078125,2397.169921875,2260.2299804688,2273.4299316406,1245100032,37415031060.8,"2017-07-19"
2577.7700195313,2610.7600097656,2450.8000488281,2529.4499511719,937404032,41663929264.6,"2017-07-26"
2871.3000488281,2921.3500976563,2685.6101074219,2718.2600097656,1324669952,44804603884.5,"2017-08-01"
3370.2199707031,3484.8500976563,3345.830078125,3419.9399414063,1752760064,56417337744.8,"2017-08-08"
4066.1000976563,4325.1298828125,3989.1599121094,4325.1298828125,2463089920,71394704653.5,"2017-08-14"
4090.4799804688,4109.1401367188,3988.6000976563,4001.7399902344,2800890112,66106992037.9,"2017-08-21"
4345.1000976563,4416.58984375,4317.2900390625,4382.8798828125,1537459968,72441993792,"2017-08-27"
4585.2700195313,4714.080078125,4417.58984375,4582.9599609375,1933190016,75812181333.5,"2017-09-03"
4229.8100585938,4308.8198242188,4114.1098632813,4226.0600585938,1386230016,69963847482.2,"2017-09-09"
3166.3000488281,3733.4499511719,2946.6201171875,3637.5200195313,4148069888,60267886368,"2017-09-15"
3628.0200195313,3758.2700195313,3553.5300292969,3630.6999511719,1194829952,60203040223.4,"2017-09-22"
4197.1298828125,4279.3100585938,4109.7001953125,4174.7299804688,1712320000,69270823145.5,"2017-09-28"
4229.8798828125,4362.6401367188,4164.0498046875,4328.41015625,1161769984,71876277937,"2017-10-05"
4789.25,4873.7299804688,4751.6298828125,4826.4799804688,1222279936,80205238020,"2017-10-11"
5603.8198242188,5603.8198242188,5151.4399414063,5590.6899414063,2399269888,92982539105.8,"2017-10-18"
5935.5200195313,5935.5200195313,5504.1801757813,5526.6401367188,2735699968,91988225799.7,"2017-10-24"
6132.0200195313,6470.4301757813,6103.330078125,6468.3999023438,2311379968,107743731291,"2017-10-31"
7403.2202148438,7445.7700195313,7007.3100585938,7022.759765625,3111899904,117050623317,"2017-11-06"
5938.25,6811.1899414063,5844.2900390625,6559.490234375,6263249920,109400650105,"2017-11-13"
7766.0297851563,8101.91015625,7694.1000976563,8036.490234375,3149319936,134124196206,"2017-11-19"
8241.7099609375,8790.919921875,8191.1499023438,8790.919921875,4342060032,146820557006,"2017-11-25"
10978.2998046875,11320.2001953125,10905.099609375,11074.599609375,5138500096,185122039035,"2017-12-02"
17802.900390625,18353.400390625,14336.900390625,16569.400390625,21135998976,277185764485,"2017-12-08"
16601.30078125,18154.099609375,16601.30078125,17706.900390625,14309999616,296482120238,"2017-12-15"
16642.400390625,17567.69921875,15342.7001953125,15802.900390625,16516599808,264788651530,"2017-12-21"
15864.099609375,15888.400390625,13937.2998046875,14606.5,12336499712,244929825575,"2017-12-28"
14978.2001953125,15572.7998046875,14844.5,15201,16871900160,255080562912,"2018-01-03"
14588.5,14973.2998046875,13691.2001953125,14973.2998046875,18500800512,251472635522,"2018-01-10"
13836.099609375,13843.099609375,10194.900390625,11490.5,18853799936,193121120762,"2018-01-16"
10944.5,11377.599609375,10129.7001953125,10868.400390625,9660609536,182830257191,"2018-01-23"
11755.5,11875.599609375,11179.2001953125,11296.400390625,7107359744,190164444830,"2018-01-29"
9175.7001953125,9334.8701171875,8031.2202148438,8277.009765625,7073549824,139433682759,"2018-02-04"
8616.1298828125,8616.1298828125,7931.1000976563,8129.9702148438,6122189824,137064586975,"2018-02-11"
10207.5,11139.5,10149.400390625,11112.7001953125,8660880384,187482083882,"2018-02-17"
10287.7001953125,10597.2001953125,9546.9697265625,9813.0703125,6917929984,165687799108,"2018-02-24"
10977.400390625,11189,10850.099609375,11086.400390625,7620590080,187318996197,"2018-03-02"
9414.6904296875,9466.349609375,8513.0302734375,9337.5498046875,8704190464,157898203939,"2018-03-09"
8290.759765625,8428.349609375,7783.0498046875,8300.8603515625,6834429952,140460819364,"2018-03-15"
8939.4404296875,9100.7099609375,8564.900390625,8728.4697265625,5530390016,147809220250,"2018-03-22"
7836.830078125,8122.8901367188,7809.169921875,7954.4799804688,4935289856,134788265876,"2018-03-28"
7456.41015625,7469.8798828125,6803.8798828125,6853.83984375,4936000000,116229557118,"2018-04-04"
6795.4399414063,6872.41015625,6704.1499023438,6834.759765625,4272750080,115978358964,"2018-04-10"
8337.5703125,8371.150390625,7925.7299804688,8058.669921875,5631309824,136849408643,"2018-04-16"
8794.3896484375,8958.5498046875,8788.8095703125,8930.8798828125,6925190144,151784994312,"2018-04-23"
9346.41015625,9531.490234375,9193.7099609375,9419.080078125,8853000192,160182287342,"2018-04-29"
9845.3095703125,9940.1396484375,9465.25,9654.7998046875,7222280192,164316605278,"2018-05-06"
8441.4404296875,8664.8603515625,8223.5,8504.8896484375,6821380096,144841040789,"2018-05-12"
8255.73046875,8372.0595703125,8183.3500976563,8247.1796875,4712399872,140559162894,"2018-05-19"
7592.2998046875,7659.1401367188,7392.6499023438,7480.1401367188,4867829760,127573690458,"2018-05-25"
7500.7001953125,7604.7299804688,7407.33984375,7541.4501953125,4921460224,128725854692,"2018-06-01"
7650.8198242188,7741.2700195313,7650.8198242188,7678.240234375,4485799936,131153169176,"2018-06-07"
6342.75,6707.1401367188,6334.4599609375,6675.3500976563,5138710016,114106009748,"2018-06-14"
6770.759765625,6821.5600585938,6611.8798828125,6776.5498046875,3888640000,115916357344,"2018-06-20"
6253.5498046875,6290.16015625,6093.669921875,6093.669921875,3279759872,104307939200,"2018-06-26"
6596.66015625,6671.3701171875,6447.75,6529.58984375,4672309760,111849428104,"2018-07-03"
6775.080078125,6838.6801757813,6724.33984375,6741.75,3718129920,115557889495,"2018-07-09"
6357.009765625,6741.75,6357.009765625,6741.75,4725799936,115638203962,"2018-07-16"
7417.7998046875,7537.9501953125,7383.8198242188,7418.490234375,3695460096,127336615249,"2018-07-22"
8205.8203125,8272.259765625,8141.1801757813,8218.4599609375,4107190016,141185844808,"2018-07-29"
7438.67,7497.49,6984.07,7032.85,4268390000,120899698889,"2018-08-04"
6185.79,6455.74,6109.03,6295.73,4047850000,108314257212,"2018-08-11"
6340.91,6582.5,6324.97,6580.63,4992990000,113290724406,"2018-08-17"
6551.52,6719.96,6498.64,6719.96,4097820000,115778358839,"2018-08-24"
7043.76,7072.69,6834.69,6978.23,4463250000,120309828156,"2018-08-30"
6755.14,6755.14,6404.72,6529.17,5523470000,112649565532,"2018-09-06"
6317.01,6363.87,6265.09,6351.8,4064230000,109661521297,"2018-09-12"
6280.91,6384.18,6265.71,6371.3,4180090000,110064685348,"2018-09-18"
6603.64,6603.64,6381.86,6446.47,4726180000,111450035114,"2018-09-25"
6619.85,6653.3,6549.08,6589.62,4000970000,113999846113,"2018-10-01"
6600.19,6675.06,6576.04,6652.23,3979460000,115162906843,"2018-10-08"
6288.49,6363.21,6280.15,6290.93,3085320000,108972590373,"2018-10-14"
6490.09,6556.38,6476,6482.35,3253610000,112369106369,"2018-10-21"
6480.84,6507.41,6453.53,6480.38,3393250000,112403001148,"2018-10-27"
6387.24,6400.07,6342.37,6361.26,3658640000,110421212888,"2018-11-03"
6442.6,6456.46,6373.37,6385.62,4346820000,110905767441,"2018-11-09"
5645.32,5657.02,5498.94,5575.55,5279320000,96900828780,"2018-11-16"
4611.57,4629.64,4365.64,4365.94,4569370000,75919439808.5,"2018-11-22"
3822.47,4385.9,3822.47,4257.42,7280280000,74072560088.04,"2018-11-28"
3958.89472485,3969.53585216,3753.99482663,3753.99482663,5302481573.52,65352496335.9036,"2018-12-05"
3497.5547337,3513.18494093,3392.2500529,3424.58807495,4696765187.88,59650201102.151,"2018-12-11"
3544.76156472,3701.34942887,3487.16920219,3696.05912776,5911325472.51,64422587801.2914,"2018-12-18"
4000.33178206,4271.79245,4000.33178206,4078.59919478,7240968501.11,71137548588.8249,"2018-12-24"
3866.83899926,3868.74298842,3725.86749335,3742.70033544,4661840806.32,65331499157.744,"2018-12-31"
3836.51915828,4093.29744447,3826.51306238,4076.63268458,5597027439.6,71206795852.7853,"2019-01-06"
3658.86811698,3674.75998688,3544.92722821,3552.95306759,4681302465.82,62106461671.3502,"2019-01-13"
3652.37783507,3758.53352345,3652.37783507,3728.56836493,5955691379.94,65214103658.5829,"2019-01-19"
3599.7153629,3654.93319305,3593.34583728,3602.46043861,5098183234.66,63054898963.1367,"2019-01-26"
3460.54712403,3501.95413455,3431.59149165,3487.94538683,5422926707.35,61088747491.2873,"2019-02-01"
3414.92953864,3427.94560955,3394.21860755,3399.47164359,5004962682.81,59578075990.9339,"2019-02-07"
3631.17019256,3646.25659694,3607.69780014,3616.88097021,6271044417.92,63434486051.9796,"2019-02-14"
3946.68498546,4000.48629461,3926.24692473,3999.82050882,8693373948.01,70194350041.973,"2019-02-20"
3857.47978186,3888.80258758,3787.05877702,3851.04747978,8301309684.14,67631949500.0921,"2019-02-27"
3759.83244114,3903.91675352,3745.18318172,3896.37502308,10174126414.53,68470655399.5828,"2019-03-05"
3903.75829416,3926.88908293,3863.55909997,3909.15620907,9809887079.44,68743000581.0221,"2019-03-12"
4029.96845808,4071.55673145,4009.11722623,4032.50738522,9646954186.21,70958165406.797,"2019-03-18"
4024.11267975,4038.84089385,3934.03136241,3963.07065416,10359818882.72,69789872373.2903,"2019-03-25"
4105.45617673,4113.02361297,4094.10084931,4105.40429618,9045122442.87,72339379035.9471,"2019-03-31"
5062.79376134,5235.1864351,5050.41230153,5198.89699014,16655416140.27,91674230185.9347,"2019-04-07"
5088.84997329,5127.12209428,5061.58936959,5096.58656276,10823289598.31,89925574874.6422,"2019-04-13"
5298.15452927,5336.68000293,5233.33520521,5303.81261613,13780238655.18,93638345002.2649,"2019-04-19"
5210.30491981,5383.63441532,5177.36851375,5279.34821147,16812108039.63,93272287959.7983,"2019-04-26"
5402.42286531,5522.26255673,5394.21751696,5505.28367176,14644460907.01,97330112146.5137,"2019-05-02"
5982.31627033,6183.03929388,5982.31627033,6174.52868876,16784645410.8,109238600750.148,"2019-05-09"
7989.37450547,8216.42381116,7899.10688404,8205.16749484,28344112919.57,145254332460.476,"2019-05-15"
7956.29214912,7997.61243859,7615.98748467,7680.06654589,24719473174.97,136063898960.26,"2019-05-22"
8802.75819975,8807.01613958,8634.72130428,8719.9617362,24226919266.66,154590202287.415,"2019-05-28"
8210.98582388,8210.98582388,7564.48860353,7707.77077085,24609731548.79,136742790468.573,"2019-06-04"
7692.28467885,8031.90989621,7586.73084679,8000.32982299,18689275117.47,142023351079.395,"2019-06-10"
8988.92370914,9416.40744016,8988.92370914,9320.35218253,15562951918.83,165573372261.217,"2019-06-17"
10696.6909289,11246.1441834,10556.095932,10855.3710156,20998326501.96,192970090354.715,"2019-06-23"
12400.7636934,12400.910221,11508.3784271,11959.3709764,29923961127.78,212739713110.418,"2019-06-29"
10982.5439142,11620.9651525,10982.5439142,11208.5508454,21092024306.26,199546110914.427,"2019-07-06"
11354.299624,11905.4870064,11179.1448437,11815.9866867,23534692796.61,210494417831.881,"2019-07-12"
10653.956443,10716.9806727,10229.6289244,10530.7326264,20727426309.59,187725578627.888,"2019-07-19"
9809.09690775,10154.2540296,9773.95670972,9911.84226491,15821952090.47,176806451137.238,"2019-07-25"
10077.442592,10446.9203303,9922.01981608,10399.6694229,17165337857.81,185653203391.495,"2019-08-01"
11476.1934394,12036.9898905,11433.701205,11941.9683406,22194988641.22,213330426788.853,"2019-08-07"
10889.4877427,10889.5569207,10028.1353635,10051.7039313,19990838299.88,179692803424.26,"2019-08-14"
10916.3467171,10947.0417192,10618.9606782,10763.2326304,15053082175.36,192530283565.253,"2019-08-20"
10372.8263035,10381.3283434,10087.3005576,10185.4998997,14762609502.77,182325540954.58,"2019-08-27"
9757.47323681,10396.5913249,9730.65071681,10346.7607927,17248102293.8,185333114163.111,"2019-09-02"
10518.1141171,10595.6380804,10409.091259,10441.275979,13670567492.76,187150078006.707,"2019-09-08"
10356.4657676,10387.0348987,10313.092448,10347.7129074,12043433567.35,185618174383.964,"2019-09-15"
10183.6480972,10188.0979122,10000.7080483,10019.7169101,13425266806.33,179853287294.13,"2019-09-21"
8251.27362342,8285.6167637,8125.43166316,8245.91515478,14141152736.19,148122503615.689,"2019-09-28"
8259.49447523,8260.05563096,8151.23660841,8205.93924121,13139456229.41,147491804056.45,"2019-10-04"
8585.26280768,8721.78072149,8316.18140086,8321.75671178,19604381101.23,149685618275.045,"2019-10-11"
8047.81274259,8134.8314486,8000.94263465,8103.91137325,14313052244.08,145853994297.969,"2019-10-17"
7509.72818274,7532.86765606,7446.98855091,7493.48873154,16268708848.76,134968410276.478,"2019-10-24"
9422.4633254,9426.87421747,9085.3703568,9205.72655905,27706531577.46,165899500650.49,"2019-10-30"
9340.86427973,9423.23703723,9305.90931362,9360.87991187,23133895764.61,168806151582.738,"2019-11-06"
8759.75190096,8853.76817777,8685.42814321,8815.66253925,20309769107.26,159068712900.41,"2019-11-12"
8573.98009164,8653.28015751,8273.57288734,8309.28598342,21579470673.41,150025712267.127,"2019-11-18"
7039.97703454,7319.85680403,6617.1670508,7146.13390214,42685231261.74,129112952930.262,"2019-11-25"
7571.61619421,7571.61619421,7291.34195468,7424.29226516,18720708479.35,134215145409.923,"2019-12-01"
7551.33900507,7634.60664192,7476.09125491,7564.3454032,15409908086.2,136847419895.976,"2019-12-08"
7268.90271202,7308.83632746,7097.20887996,7124.67396997,17137029729.95,128970221233.088,"2019-12-14"
7220.59355274,7223.22627792,7112.73608254,7191.15846913,19312552168.11,130267655889.328,"2019-12-21"
7238.14118032,7363.52923526,7189.93393524,7290.08851803,22777360995.57,132139502950.022,"2019-12-27"
6984.4286123,7413.71509934,6914.99590793,7344.88418341,28111481031.94,133233444755.489,"2020-01-03"
8082.29607413,8082.29607413,7842.4036134,7879.07152428,24045990465.65,143016572819.392,"2020-01-09"
8812.48149122,8846.46109861,8612.09583682,8723.78576573,31313981930.82,158465055984.185,"2020-01-16"
8744.21075075,8792.9938714,8636.7474349,8680.87604222,22600204050.58,157783273070.101,"2020-01-22"
8912.52433979,9358.59031703,8908.44692853,9358.59031703,34398744402.69,170205617954.856,"2020-01-28"
9292.84190002,9331.26581712,9112.8114171,9180.9629665,29893183716.09,167093636161.856,"2020-02-04"
10115.559686,10165.765355,9784.563802,9856.61149362,39386548074.7,179494809265.716,"2020-02-10"
9936.56026014,9938.81578,9507.63799409,9690.14261814,45998298412.6,176585280987.035,"2020-02-17"
9663.31864201,9937.40410608,9657.79114467,9924.51522822,41185185761.49,180963233539.785,"2020-02-23"
8599.7583441,8726.79676016,8471.21262606,8562.45405008,35349164300.14,156238987739.907,"2020-03-01"
9121.60053553,9163.22109566,8890.74417157,8909.9536515,36216930369.67,162684945902.611,"2020-03-07"
5573.07764952,5625.22650517,5125.06934725,5200.36626392,36154506007.58,95014981943.9861,"2020-03-14"
6191.65372133,6844.26152806,5865.78196437,6198.77820508,54442976102.51,113309245860.002,"2020-03-20"
6719.38897407,6793.83619652,6466.70180578,6469.79813509,34585598366.55,118336082172.395,"2020-03-27"
6606.77626829,7088.24732438,6595.91827654,6793.62459642,47660646124.41,124335130640.41,"2020-04-02"
7337.9661825,7341.44831412,7179.0943407,7302.0895105,34815139177.59,133737857009.882,"2020-04-09"
6845.56171696,6928.66436972,6633.40269245,6642.10989286,32288311030.76,121731940639.413,"2020-04-15"
6879.78434985,6934.55187057,6834.44232463,6880.32347375,32589741510.73,126175238603.42,"2020-04-21"
7796.97044056,7814.52714133,7730.80654225,7807.05845106,33187959920.92,143266252261.336,"2020-04-28"
8895.74487399,8956.90651911,8645.02412633,8912.65460539,45718796275.55,163654493632.392,"2020-05-04"
8755.5356389,9033.47117613,8374.32297508,8601.79620238,57119858801.94,158059235275.589,"2020-05-11"
9374.92998661,9823.0022878,9349.5460711,9670.73937122,40084250662.96,177745404470.085,"2020-05-17"
9212.28340427,9288.40401564,8787.251002,8790.36800074,32518803299.58,161610414642.629,"2020-05-24"
9438.91400926,9704.03030928,9366.72941775,9700.41407169,32722975141.2,178390129757.676,"2020-05-30"
9664.90477464,9773.43201601,9591.02453467,9653.67926335,20438419222.33,177595657884.165,"2020-06-06"
9320.69085457,9540.46539289,9285.85140439,9480.84378943,22610564515.31,174474896921.532,"2020-06-12"
9410.29434848,9440.87603373,9274.29612136,9288.01871603,19632223107.38,170985625732.412,"2020-06-19"
9314.12688901,9340.16150568,9095.32457939,9264.81304308,18616048626.11,170608289503.753,"2020-06-25"
9145.98505502,9309.75486362,9104.73487906,9228.32559024,15971550355.23,169988756578.038,"2020-07-01"
9253.02015436,9450.33567174,9249.49994806,9428.3330848,19702359882.9,173738543115.206,"2020-07-08"
9238.7032275,9283.84214229,9171.66111846,9243.21341642,18085038362.45,170380670524.821,"2020-07-14"
9162.51448207,9407.26305599,9149.3899187,9374.88752808,18069581955.55,172861732402.087,"2020-07-21"
9905.21791377,11298.2217576,9903.97011125,10990.8733998,35359749590.12,202719581736.842,"2020-07-27"
11043.7688847,11453.0787225,11012.4147398,11246.3487749,20271713443.26,207503423455.952,"2020-08-03"
11737.3252342,11806.0562765,11548.7844464,11675.7393433,17489608833.29,215490364254.781,"2020-08-09"
11866.6855801,11934.9009151,11737.1885988,11892.8040631,20583375490.17,219576092170.359,"2020-08-16"
11585.4775342,11689.4073895,11448.8060449,11681.8255623,20224191305.96,215742068894.983,"2020-08-22"
11541.0543254,11585.6406794,11466.2933646,11506.8653177,17485597759.14,212583870983.482,"2020-08-29"
10230.3651615,10663.9200452,10207.9402189,10511.8138807,29965130373.75,194255818703.632,"2020-09-04"
10242.3301347,10503.9125262,10238.1358906,10363.1390401,54406443210.51,191568387061.555,"2020-09-10"
10973.2522347,11037.4211271,10774.6276667,10948.9899152,38151810523.05,202475761712.394,"2020-09-17"
10535.49244237,10537.82809054,10197.86492469,10246.18649281,23788661866.99,189529920746.46765,"2020-09-23"
10843.87075063,10847.25699325,10669.32109268,10784.49157795,44171073700.19,199556965503.7717,"2020-09-30"
10796.30685484,10797.57808729,10528.890831,10604.40588882,42623695307.43,196281911458.15378,"2020-10-06"
11548.71975926,11548.98483187,11321.22451322,11425.8994007,24241420250.86,211565586739.30667,"2020-10-13"
11495.03793859,11799.0929777,11408.29011785,11742.03715033,23860769927.72,217482407293.08884,"2020-10-19"
13031.20124688,13225.29776076,12822.38232695,13075.24769656,29461458313.16,242250997935.6733,"2020-10-26"
13780.99480514,13862.03362917,13628.37821941,13737.10982864,24453857900.09,254569759062.58606,"2020-11-01"
14833.75408424,15637.32033788,14744.10989581,15479.56703842,26632075028.85,286955182899.01483,"2020-11-08"
16317.80834223,16317.80834223,15749.19296725,16068.13870685,27481710135.41,297877068422.63354,"2020-11-14"
17817.08366299,18773.22751179,17765.79576896,18621.31436938,36992873939.99,345411881099.1716,"2020-11-20"
17153.91312468,17445.02428555,16526.42352825,17108.40172774,38886494645.12,317464460530.40906,"2020-11-27"
19205.92540409,19566.19188355,18925.78443384,19445.39847988,31930317405.27,360933936016.877,"2020-12-03"
18553.29972814,18553.29972814,17957.06521319,18264.99210672,25547132265.47,339136939585.8366,"2020-12-10"
19418.81840055,21458.90789704,19298.31727724,21310.59813054,44409011479.22,395799863745.9665,"2020-12-16"
23781.97438638,24024.48959027,22802.64570202,23241.34486501,51146161904.32,431808778580.30475,"2020-12-23"
27081.80972919,27370.7200843,25987.29807483,27362.4365573,45265946774.4,508523687096.6884,"2020-12-29"
31977.04113228,34437.5905918,30221.1867389,33992.42934365,67547324781.68,631980005969.6278,"2021-01-05"
38346.52950301,38346.52950301,30549.59876946,35566.65594049,123320567398.62,661457321418.0524,"2021-01-11"
35792.23666766,37299.28580604,34883.84404829,36630.07568284,49511702429.35,681470030572.0747,"2021-01-18"
32064.37631516,32944.00894195,31106.68577002,32289.37808687,48643830599.36,600888568009.5015,"2021-01-24"
34295.9350435,34834.70830094,32940.18691419,34269.52154165,65141828798.26,637924573283.79,"2021-01-30"
38138.38833975,40846.54690329,38138.38833975,39266.01073494,71326033652.98,731192490092.84,"2021-02-06"
47877.03437451,48745.73380014,46424.97781781,47504.85118326,76555041195.79,884874050611.84,"2021-02-12"
51675.98128513,56113.65054685,50937.27572157,55888.13368221,63495496917.85,1041380696669.48,"2021-02-19"
49709.08242476,51948.96698227,47093.85301914,47093.85301914,54506565949.11,877766126138.33,"2021-02-25"
50522.30503036,51735.09105293,47656.92904603,48561.1661539,52343816679.73,905414104807.24,"2021-03-04"
54824.01119917,57258.25497592,53290.89116852,56008.54940114,57295577613.75,1044580057477.4,"2021-03-10"
56825.82889756,58969.81634559,54528.62716687,58870.89333325,60258313191.17,1098337655326.54,"2021-03-17"
54511.66203198,55985.44014058,53470.6933802,54738.94493032,56435023913.75,1021563479682.18,"2021-03-23"
57750.13284273,59447.22403098,57251.5506051,58917.6930451,54414116432.02,1099939890804.41,"2021-03-30"
58760.87326121,59891.2969082,57694.82602134,59057.87896588,60706272114.62,1102880790089.18,"2021-04-05"
59846.23078558,60790.55531507,59289.79563078,60204.96491379,46280252580.42,1124635848775.45,"2021-04-11"
60701.88609331,61057.45650886,52829.53592647,56216.18500243,97468872758.37,1050445401609.72,"2021-04-18"
51143.22627463,51167.56335742,48805.2846976,50050.86821565,49014494780.62,935471648213.36,"2021-04-24"
57714.66485835,58448.33881062,57052.2741756,57828.05063222,42836427359.73,1081174515342.54,"2021-05-01"
56413.95355125,58606.63396719,55321.84671038,57356.40187692,68434023376.24,1072727435210.46,"2021-05-07"
49682.9818555,51438.11908462,48868.57828576,49880.53342038,55737497452.61,933276901264.97,"2021-05-14"
36753.66970802,42462.98498552,35050.61582451,40782.73826245,88281943358.63,763195929021.93,"2021-05-20"
39316.88967818,40379.61767161,37247.90367644,38436.96853505,43210968720.58,719538129127.79,"2021-05-27"
36699.92291982,38231.3391761,35966.30715642,37575.17957566,33070867189.76,703599671425.41,"2021-06-02"
33416.97785088,37537.37115028,32475.86603066,37345.12148619,53972919007.62,699516138697.97,"2021-06-09"
40427.16992116,41295.26857449,39609.4691963,40406.26898673,46420149185.33,757029874724.96,"2021-06-15"
35641.14606474,35721.63963385,31295.93552923,31676.69373254,52809038593.79,593627575886.55,"2021-06-21"
34679.12222205,35219.89179129,33902.0758922,34434.33531428,33892523752.03,645442759493.21,"2021-06-28"
34665.56486608,35937.56714724,34396.47745754,35287.77976616,24924307911.11,661574836314.86,"2021-07-04"
33509.0772617,34584.70454995,33346.73772241,34240.18701074,20108729370.08,642138104626.48,"2021-07-11"
31397.30860013,31935.94439173,31223.99087263,31533.06753327,18895018941.74,591536476391.97,"2021-07-17"
33593.72941224,34490.39124375,33424.85900496,34292.44590612,21664706865.41,643518528650.53,"2021-07-24"
40027.4833199,42235.54770874,38397.3545099,42235.54770874,33072782960.21,792829863258.04,"2021-07-30"
40865.86692448,43271.65861284,39932.17941979,42816.49896809,38226483045.67,804022903682.01,"2021-08-06"
45576.88033369,46228.91094271,43861.44704055,44428.28846681,33723620826.37,834546790666.29,"2021-08-12"
44741.88334742,46970.76087419,43998.31551257,46717.5787452,37204312298.94,877875534875.42,"2021-08-19"
47727.25669296,49202.87847317,47163.61431922,48960.78728025,32646349930.89,920337950861.22,"2021-08-25"
47024.34166315,48189.55018777,46750.09395271,47166.68794545,34730363427.12,886869903602.64,"2021-08-31"
52660.47935083,52853.7637963,43285.20858869,46811.12952948,65210059683.34,880498621997.79,"2021-09-07"
46057.21532739,46598.6789847073,43591.3207849088,44963.0726328295,40969943252.55,845980481365.13,"2021-09-13"
47261.4064989217,47328.1988417819,42598.9158490995,42843.8024409385,43909845642.16,806395852718.37,"2021-09-20"
42721.628660247,43919.3009697298,40848.4616598698,43208.5391045354,30661222077.4,813490665612.76,"2021-09-26"
47680.0284071825,49130.6922101816,47157.2876055212,48199.9515572655,26638115879.34,907791525235.94,"2021-10-03"
53929.7814684072,55397.9434699833,53735.1428819267,54968.2244504154,32491211414.21,1035558748271.88,"2021-10-09"
61609.5271462034,62274.477085765,60206.1200628107,60892.1806927008,34250964237.12,1147551202766.88,"2021-10-16"
62237.8910667851,63715.0216823567,60122.7978165319,60692.2644330955,38434082774.64,1144131483274.43,"2021-10-22"
60624.8707648633,62927.6096409037,60329.9650689806,62227.9645938188,36856881766.69,1173512442368.29,"2021-10-29"
62941.8040349386,63123.2889150545,60799.6624753292,61452.2305873208,32615846901.02,1159231375022.08,"2021-11-04"
64978.8902964226,65579.0147602758,64180.4889276777,64949.96191476,35880633235.64,1225643127559.63,"2021-11-11"
60139.6201092629,60823.6105180456,58515.4098924661,60368.0118167649,39178392930.24,1139519389071.77,"2021-11-17"
56304.5553876631,57875.516396583,55632.7599123359,57569.0748757271,37485803898.95,1086985075773.01,"2021-11-23"
57830.1138192706,59113.4009013998,56057.2822340063,57005.4254735998,36708594617.63,1076689232562.09,"2021-11-30"
49413.4790992129,50929.5190938323,47281.0353797585,50582.625396644,37707308001.13,955680910791.73,"2021-12-06"
50114.7409911263,50204.9982632709,45894.8473948431,46737.48224375,32166727776.26,883345705454.11,"2021-12-13"
46853.8680030434,48089.6643521108,46502.9545467562,46707.0148769996,25154053860.63,883011296029.52,"2021-12-19"
50428.6926963893,51196.3772869711,49623.1042072232,50809.5150128895,20964372925.86,960899995734.95,"2021-12-26"
46311.744663041,47827.3109946009,46288.4860950468,47686.8115091782,24582667004.25,902104193384.61,"2022-01-01"
41561.4658676891,42228.9420354353,40672.2754483568,41733.9430988926,28066355845.13,789758782727.02,"2022-01-08"
42598.872888975,43346.6885657206,41982.6166524365,43099.6998283297,23577403398.89,815850639036.09,"2022-01-14"
40699.6069839273,41060.5273749856,35791.4265480389,36457.3181001361,43011992031.18,690368973093.34,"2022-01-21"
36841.8806089473,37148.3222790892,35629.2798878753,37138.2343159536,25041426629.34,703456873492.62,"2022-01-27"
38743.7134257246,38834.617830971,36832.7286672317,36952.9849327595,19155189415.69,700155817835.89,"2022-02-02"
44096.7044920426,44727.799891548,43232.9671622586,44338.7977574167,23245887299.61,840369284541.11,"2022-02-09"
42586.4646116209,44667.2169798202,42491.0337603845,44575.2033341441,22721659050.67,845117683686.87,"2022-02-15"
37068.7714361995,38359.8536637991,36488.932255945,38286.0270879696,25493150449.85,726121533658.47,"2022-02-22"
37706.0012666457,43760.4570181679,37518.2146036468,43193.2340330233,35690014104.01,819414782676.49,"2022-02-28"
38429.3027830169,39430.2280590762,37260.2017138385,38062.040205582,28546143502.55,722305696827.83,"2022-03-07"
38884.7248489191,39209.3504270127,37728.1443563354,37849.6627995273,17300745309.73,718481905385.96,"2022-03-13"
42191.4053121278,42241.164783313,41004.7595624682,41247.8234468342,20127946682.25,783260570383.75,"2022-03-20"
44349.8584333427,44735.9955961396,44166.2751431536,44500.8284155129,16950455994.89,845283757076.22,"2022-03-26"
46285.4980587704,47028.2807878879,45782.5130184345,45868.9491559204,29336594194.19,871556728552.73,"2022-04-02"
43505.136802651,43903.0195651663,42183.2871213171,42287.6635116808,27215995394.34,803736501494.4,"2022-04-08"
41160.2191454054,41451.4801353359,39695.7444311675,39935.5169992135,24342001973.22,759245303310.83,"2022-04-14"
41371.5150467923,42893.5802043813,40063.8286699322,40527.3640835385,35372786395.42,770762297842.52,"2022-04-21"
38120.3026308778,39397.9171355929,37997.3116313579,39241.1227507635,30981015184.24,746531438328.55,"2022-04-27"
37748.0118484619,39902.9502136511,37732.0601966595,39698.3706196742,36754404490.11,755491473700.31,"2022-05-04"
30273.654218841,32596.3078359205,29944.802737422,31022.9054122253,59811038817.27,590565398299.36,"2022-05-10"
29862.4081929416,30694.490950877,29570.3019001848,30425.857276796,29101473475.43,579391415566.42,"2022-05-17"
30309.3964800086,30590.5864837253,28975.5596093713,29098.909745734,31483454556.82,554268758109.31,"2022-05-23"
29443.3657109831,31949.6316183118,29303.571633074,31726.3906858653,39277993273.94,604513442525.64,"2022-05-30"
29835.1181317702,30117.7434474995,29574.4495314888,29906.6617477915,17264085440.89,569996838236.88,"2022-06-05"
28373.5142522495,28502.685070938,26762.6490379039,26762.6490379039,34163220273.81,510252464820.78,"2022-06-12"
20473.4249789315,20736.0410609155,17708.6237125896,19017.6423550215,42009436760.13,362685324229.12,"2022-06-18"
21084.6480617906,21472.917912877,20777.5115803289,21231.6557714446,24957784918.21,405018505024.32,"2022-06-24"
19820.4704741998,20632.671261281,19073.7084047514,19269.3666859098,30767551158.55,367709366218.78,"2022-07-01"
20547.8142411523,21771.8165530893,20296.1031222911,21637.5877502437,25814972520.24,413013947459.11,"2022-07-07"
20211.4659555454,20789.8936721942,19689.258743334,20569.9200615284,31158743333.4,392755738689.37,"2022-07-14"
23393.1920116301,24196.8192139777,23009.949763201,23231.7319651172,42932549127.33,443696738856.27,"2022-07-20"
21244.1695591889,22986.5294030049,21070.8061258165,22930.5484457,31758955233.31,438095993233.22,"2022-07-27"
23308.434172793,23415.041329171,22710.0839796372,22978.1165929475,28389250717.43,439128030641.55,"2022-08-02"
23811.4835215919,23898.6153695442,22981.9999273799,23164.3179862813,23555719218.86,442835162483.49,"2022-08-09"
24318.3154830385,25135.5903960686,23839.7749751036,24136.9724246641,35123501684.8,461560003436.79,"2022-08-15"
21531.4638488066,21531.4638488066,20939.1841727079,21398.9083503016,31666498757.58,409340103013.27,"2022-08-22"
20041.0348039542,20139.0542332829,19616.8149844439,19616.8149844439,24366810590.82,375367382007.85,"2022-08-28"
19969.7183469169,20037.0106485969,19698.355192333,19832.0877293385,23613051457.08,379595440556.6,"2022-09-03"
21376.9117145388,21760.2757705752,21168.7217218009,21680.539413428,36913738894.15,415117548315.38,"2022-09-10"
19704.0054405263,19870.6297658167,19400.0754493035,19772.5842055678,30123362272.94,378693173324.34,"2022-09-16"
19412.3999254216,19464.6723483926,18617.5530098977,19297.6378400087,38896078052.07,369718966324.75,"2022-09-23"
19427.7801905231,19589.2662114892,18924.3534530707,19573.0503140007,41037843771.3,375100872175.06,"2022-09-29"
20161.0384382098,20408.3918398816,19900.0885329785,19955.4436723686,34711412966.17,382574032285.78,"2022-10-06"
19052.6457860076,19203.1986510517,19029.7583291291,19157.4462868525,24950173846.05,367391447229.96,"2022-10-12"
19335.0264414519,19348.4168096206,19127.6883699574,19139.5343513894,22425387183.91,367171621206.39,"2022-10-19"
19344.964420214,20348.4115841778,19261.4471258532,20095.8564554472,47761524909.94,385624152241.56,"2022-10-25"
20494.8976229392,20647.2897203577,20359.8454797164,20485.2732430903,39819303159.15,393230695987.89,"2022-11-01"
20924.6204840491,21053.2461495293,20489.9733436956,20602.8167252699,53510852236.18,395596352770.07,"2022-11-07"
16799.7222910557,16920.766400155,16320.6351532761,16353.3657171761,27209183682.26,314093257178.25,"2022-11-13"
16712.9204583677,16746.7801572696,16248.6928292993,16291.8324676929,21313378651.69,313012826679.9,"2022-11-20"
16521.5770249101,16666.8629270058,16416.22869026,16464.2810793656,18000008764.22,316404791284.87,"2022-11-26"
17090.0984850759,17116.0408055326,16888.1408071604,16908.236795124,16217776703.79,325037180854.75,"2022-12-03"
17232.14800263,17280.5461649486,17100.8362497541,17133.1520141413,20328426366.41,329458400093.47,"2022-12-09"
17364.5464432688,17505.5250524957,16584.7013982805,16647.4834788286,24031608959.5,320225997953.71,"2022-12-16"
16818.3802876537,16866.6743267635,16592.4074544474,16830.3414239344,16441573050.1,323831438044.37,"2022-12-22"
16552.3224906863,16651.7566638037,16508.6831532318,16642.3426718856,14472237478.79,320309344585.85,"2022-12-29"
16680.2049714198,16964.5851854634,16667.7637251347,16863.2382582833,18421743322.29,324658229824.73,"2023-01-04"
17446.3602720665,17987.6335493591,17337.9949977618,17943.8976294683,18307186523.32,346303640718.24,"2023-01-11"
21175.8332602034,21438.6593578573,20978.5336242013,21161.5192199162,24999983362.13,407681958151.49,"2023-01-17"
22721.0886719506,23126.4863454372,22654.3044696935,22934.4314643586,26518700511.88,441960667796.84,"2023-01-23"
23774.6489666425,23789.3471776992,22657.5821676256,22840.13890738,27205595568.34,440298767854.8,"2023-01-30"
23332.2476009512,23423.4356115385,22841.7603125011,22955.6660162974,19564262605.21,442642331535.6,"2023-02-05"
21870.9025018492,22060.9946065574,21682.8287747068,21788.2039862606,17821046405.57,420274300806.28,"2023-02-12"
24565.2959998509,24798.8355706509,24468.3736308589,24641.2769484258,19625427157.74,475459130854.86,"2023-02-18"
23200.1258534291,23210.2110723344,22861.5586648141,23175.3756358425,16100721565.07,447323985682.72,"2023-02-25"
23476.6337312584,23479.3480937656,22213.2375937663,22362.6793319333,26062404610.39,431765463285.53,"2023-03-03"
20367.0017771358,20370.595398116,19628.2543094205,20187.2436476163,39578257695.31,389890609883.9,"2023-03-10"
24373.4566170173,25190.3269844926,24225.1109586283,25052.789721748,33866061746.62,484005642386.83,"2023-03-16"
27301.9574943549,28729.8434696783,27183.3637407073,28333.9727113788,24220433689.12,547590658474.12,"2023-03-23"
27267.0321746002,28619.5433888008,27259.6611804101,28348.442342812,20684945905.97,548025510532.62,"2023-03-29"
27795.2743239989,28433.7429759972,27681.3050566141,28168.0898164027,15284538858.55,544693901827.85,"2023-04-04"
29653.679647446,30509.0836664564,29609.3013680349,30235.0589389553,20121259843.07,584854674446.17,"2023-04-11"
30317.1456974152,30319.1965766039,29275.3710576336,29445.0449049628,17872186762.03,569735854496.74,"2023-04-17"
27591.7295218905,27979.9819006629,27070.8494995525,27525.3394995911,17703288330.24,532766516006.96,"2023-04-24"
29245.5155124623,29952.0285526597,29114.0212362778,29268.8070431626,14652199272.27,566661285145.37,"2023-04-30"
28901.6228241325,29157.5181853347,28441.3680383238,28454.9782855135,11301355486.45,551083296208.8,"2023-05-07"
26807.7690443986,27030.4829603024,26710.8738030477,26784.0785608824,9999171605.08,518873704830.19,"2023-05-13"
26888.8413910538,27155.1590263728,26843.2773808623,27129.5862550312,7044911360.48,525746096848.12,"2023-05-20"
26474.1824692754,26916.669912854,26343.9491574985,26719.2909846173,12711619225.45,517943916949.93,"2023-05-26"
26824.5569811195,27303.8616872678,26574.6444212308,27249.5889490884,14837414999.85,528404436446.27,"2023-06-02"
26347.6534538868,26797.5127867183,26246.6637562363,26508.2159021565,11904824295.26,514170400421.06,"2023-06-08"
